time,availability
0.0,1.0
1.0,1.0
2.0,1.0
3.0,1.0
4.0,1.0
5.0,1.0
6.0,1.0
7.0,1.0
8.0,1.0
9.0,1.0
10.0,1.0
11.0,1.0
12.0,1.0
13.0,1.0
14.0,1.0
15.0,1.0
16.0,1.0
17.0,1.0
18.0,1.0
19.0,0.9867235656709341
20.0,0.9862494073020389
21.0,0.9834044570886675
22.0,0.9834044570886675
23.0,0.9720246562351825
24.0,0.9715504978662873
25.0,0.9838786154575627
26.0,0.9838786154575627
