time,availability
0.0,1.0
1.0,1.0
2.0,1.0
3.0,1.0
4.0,1.0
5.0,0.9995258416311048
6.0,1.0
7.0,1.0
8.0,0.9995258416311048
9.0,1.0
