time,lb ratio
0.0,nan
1.0,nan
2.0,nan
3.0,nan
4.0,nan
5.0,0.0526315789473684
6.0,nan
7.0,nan
8.0,0.0526315789473684
9.0,nan
