time,current bs,user,conn_sinr,x pos,y pos
24.15,10,234,-6.295375046745,878.557242639662,1105.61866066565
