time,satisfaction
0.0,nan
1.0,nan
2.0,nan
3.0,nan
4.0,nan
5.0,nan
6.0,nan
7.0,nan
8.0,nan
9.0,nan
10.0,0.0
11.0,0.0
12.0,0.0
13.0,0.0
14.0,0.0
15.0,0.0
16.0,0.0
17.0,0.0
18.0,0.0
19.0,0.0225563909774436
20.0,0.0216216216216216
21.0,0.0265486725663717
22.0,0.0218181818181818
23.0,0.0248447204968944
24.0,0.0258620689655172
25.0,0.0222222222222222
26.0,0.0217983651226158
